,folder,file_name
0,1,344
1,1,370
2,1,437
3,1,435
4,1,434
5,1,433
6,1,364
7,1,363
8,1,374
9,1,373
10,1,372
11,1,375
12,1,369
13,1,380
14,1,376
15,1,377
16,1,367
17,1,378
18,1,371
19,1,429
20,1,430
21,1,432
22,1,431
23,1,428
24,1,424
25,1,426
26,1,425
27,1,427
28,1,366
29,1,361
30,1,359
31,1,360
32,1,417
33,1,420
34,1,419
35,1,352
36,1,351
37,1,356
38,1,354
39,1,422
40,1,357
41,1,418
42,1,362
43,1,365
44,1,423
45,1,368
46,1,349
47,1,348
48,1,350
49,1,353
50,1,421
51,1,414
52,1,415
53,1,416
54,1,340
55,1,345
56,1,347
57,1,346
58,1,411
59,1,410
60,1,413
61,1,408
62,1,406
63,1,407
64,1,412
65,1,355
66,1,358
67,1,343
68,1,341
69,1,337
70,1,342
71,1,338
72,1,339
73,1,409
74,1,404
75,1,403
76,1,405
77,1,402
78,1,400
79,1,401
80,1,397
81,1,398
82,1,399
83,1,396
84,1,394
85,1,395
86,1,391
87,1,392
88,1,393
89,1,390
90,1,388
91,1,389
92,1,385
93,1,386
94,1,387
95,1,382
96,1,384
97,1,383
98,1,381
99,1,379
100,1,330
101,1,329
102,1,514
103,1,512
104,1,513
105,1,515
106,1,516
107,1,452
108,1,445
109,1,447
110,1,446
111,1,454
112,1,443
113,1,442
114,1,449
115,1,451
116,1,450
117,1,510
118,1,509
119,1,448
120,1,511
121,1,508
122,1,506
123,1,505
124,1,507
125,1,502
126,1,504
127,1,503
128,1,436
129,1,441
130,1,438
131,1,444
132,1,440
133,1,439
134,1,499
135,1,498
136,1,500
137,1,501
138,1,494
139,1,492
140,1,493
141,1,495
142,1,497
143,1,496
144,1,487
145,1,490
146,1,489
147,1,488
148,1,491
149,1,485
150,1,486
151,1,482
152,1,484
153,1,483
154,1,480
155,1,478
156,1,477
157,1,481
158,1,472
159,1,479
160,1,474
161,1,473
162,1,476
163,1,475
164,1,470
165,1,469
166,1,471
167,1,467
168,1,468
169,1,466
170,1,465
171,1,463
172,1,464
173,1,462
174,1,461
175,1,459
176,1,460
177,1,455
178,1,456
179,1,457
180,1,458
181,1,453
182,1,333
183,1,334
184,1,519
185,1,518
186,1,517
187,1,332
188,1,335
189,1,331
190,1,336
191,1,86
192,1,272
193,1,288
194,1,37
195,1,239
196,1,310
197,1,295
198,1,298
199,1,153
200,1,205
201,1,122
202,1,63
203,1,302
204,1,282
205,1,230
206,1,9
207,1,120
208,1,172
209,1,243
210,1,219
211,1,216
212,1,70
213,1,210
214,1,217
215,1,53
216,1,215
217,1,293
218,1,180
219,1,241
220,1,211
221,1,227
222,1,154
223,1,150
224,1,118
225,1,197
226,1,8
227,1,185
228,1,50
229,1,195
230,1,12
231,1,209
232,1,48
233,1,192
234,1,15
235,1,164
236,1,83
237,1,55
238,1,19
239,1,220
240,1,82
241,1,190
242,1,138
243,1,41
244,1,149
245,1,159
246,1,103
247,1,88
248,1,66
249,1,73
250,1,106
251,1,183
252,1,252
253,1,10
254,1,67
255,1,13
256,1,277
257,1,107
258,1,286
259,1,117
260,1,141
261,1,28
262,1,72
263,1,170
264,1,265
265,1,308
266,1,311
267,1,2
268,1,258
269,1,27
270,1,251
271,1,158
272,1,6
273,1,147
274,1,175
275,1,40
276,1,29
277,1,244
278,1,139
279,1,151
280,1,75
281,1,44
282,1,31
283,1,62
284,1,163
285,1,26
286,1,307
287,1,18
288,1,87
289,1,45
290,1,135
291,1,140
292,1,315
293,1,95
294,1,320
295,1,130
296,1,218
297,1,198
298,1,89
299,1,104
300,1,181
301,1,112
302,1,71
303,1,246
304,1,231
305,1,136
306,1,264
307,1,201
308,1,228
309,1,187
310,1,93
311,1,116
312,1,186
313,1,200
314,1,249
315,1,254
316,1,263
317,1,178
318,1,232
319,1,43
320,1,145
321,1,213
322,1,99
323,1,57
324,1,237
325,1,97
326,1,221
327,1,203
328,1,202
329,1,275
330,1,36
331,1,303
332,1,199
333,1,226
334,1,128
335,1,212
336,1,91
337,1,301
338,1,68
339,1,208
340,1,21
341,1,162
342,1,77
343,1,206
344,1,314
345,1,253
346,1,54
347,1,259
348,1,248
349,1,148
350,1,101
351,1,115
352,1,16
353,1,32
354,1,196
355,1,14
356,1,56
357,1,5
358,1,59
359,1,144
360,1,114
361,1,160
362,1,223
363,1,235
364,1,78
365,1,193
366,1,245
367,1,296
368,1,47
369,1,317
370,1,281
371,1,60
372,1,76
373,1,90
374,1,3
375,1,222
376,1,51
377,1,25
378,1,127
379,1,11
380,1,324
381,1,225
382,1,238
383,1,102
384,1,155
385,1,261
386,1,273
387,1,166
388,1,96
389,1,156
390,1,111
391,1,290
392,1,278
393,1,165
394,1,188
395,1,119
396,1,191
397,1,321
398,1,312
399,1,260
400,1,94
401,1,167
402,1,24
403,1,169
404,1,132
405,1,80
406,1,182
407,1,328
408,1,126
409,1,171
410,1,65
411,1,189
412,1,194
413,1,184
414,1,313
415,1,266
416,1,168
417,1,247
418,1,129
419,1,98
420,1,255
421,1,17
422,1,23
423,1,327
424,1,1
425,1,256
426,1,300
427,1,276
428,1,49
429,1,297
430,1,229
431,1,131
432,1,152
433,1,287
434,1,143
435,1,137
436,1,52
437,1,7
438,1,161
439,1,58
440,1,179
441,1,134
442,1,22
443,1,4
444,1,92
445,1,177
446,1,250
447,1,309
448,1,262
449,1,224
450,1,69
451,1,125
452,1,113
453,1,38
454,1,214
455,1,207
456,1,306
457,1,284
458,1,240
459,1,100
460,1,84
461,1,279
462,1,285
463,1,146
464,1,110
465,1,64
466,1,173
467,1,305
468,1,81
469,1,269
470,1,271
471,1,323
472,1,105
473,1,74
474,1,174
475,1,204
476,1,326
477,1,46
478,1,61
479,1,42
480,1,123
481,1,34
482,2,248
483,2,247
484,2,249
485,2,250
486,2,246
487,2,323
488,2,324
489,2,322
490,2,320
491,2,321
492,2,308
493,2,307
494,2,306
495,2,309
496,2,305
497,2,263
498,2,261
499,2,262
500,2,264
501,2,260
502,2,279
503,2,276
504,2,277
505,2,304
506,2,294
507,2,293
508,2,290
509,2,291
510,2,292
511,2,289
512,2,245
513,2,278
514,2,275
515,2,319
516,2,274
517,2,244
518,2,303
519,2,296
520,2,318
521,2,259
522,2,255
523,2,252
524,2,329
525,2,327
526,2,325
527,2,330
528,2,331
529,2,328
530,2,326
531,2,317
532,2,316
533,2,311
534,2,313
535,2,310
536,2,314
537,2,312
538,2,273
539,2,272
540,2,265
541,2,269
542,2,268
543,2,267
544,2,266
545,2,256
546,2,251
547,2,257
548,2,253
549,2,254
550,2,299
551,2,298
552,2,300
553,2,297
554,2,295
555,2,301
556,2,288
557,2,287
558,2,286
559,2,285
560,2,332
561,2,302
562,2,258
563,2,281
564,2,282
565,2,280
566,2,283
567,2,270
568,2,315
569,2,271
570,2,284
571,2,211
572,2,86
573,2,88
574,2,172
575,2,216
576,2,243
577,2,219
578,2,227
579,2,53
580,2,70
581,2,190
582,2,120
583,2,6
584,2,217
585,2,41
586,2,192
587,2,106
588,2,154
589,2,209
590,2,72
591,2,158
592,2,13
593,2,180
594,2,37
595,2,48
596,2,103
597,2,185
598,2,159
599,2,215
600,2,117
601,2,10
602,2,2
603,2,210
604,2,170
605,2,175
606,2,39
607,2,183
608,2,67
609,2,82
610,2,50
611,2,27
612,2,9
613,2,29
614,2,149
615,2,73
616,2,83
617,2,28
618,2,12
619,2,138
620,2,147
621,2,118
622,2,164
623,2,133
624,2,230
625,2,107
626,2,197
627,2,141
628,2,150
629,2,40
630,2,220
631,2,19
632,2,15
633,2,66
634,2,205
635,2,162
636,2,151
637,2,62
638,2,237
639,2,8
640,2,60
641,2,89
642,2,200
643,2,198
644,2,36
645,2,232
646,2,196
647,2,135
648,2,112
649,2,228
650,2,140
651,2,234
652,2,87
653,2,99
654,2,71
655,2,116
656,2,206
657,2,231
658,2,44
659,2,187
660,2,104
661,2,130
662,2,163
663,2,26
664,2,142
665,2,181
666,2,78
667,2,121
668,2,75
669,2,18
670,2,93
671,2,139
672,2,90
673,2,148
674,2,186
675,2,79
676,2,95
677,2,178
678,2,43
679,2,45
680,2,128
681,2,145
682,2,213
683,2,201
684,2,136
685,2,31
686,2,208
687,2,218
688,2,242
689,2,226
690,2,223
691,2,129
692,2,68
693,2,188
694,2,235
695,2,11
696,2,203
697,2,122
698,2,184
699,2,65
700,2,108
701,2,119
702,2,111
703,2,63
704,2,80
705,2,212
706,2,21
707,2,114
708,2,202
709,2,171
710,2,3
711,2,54
712,2,221
713,2,20
714,2,101
715,2,238
716,2,16
717,2,33
718,2,47
719,2,96
720,2,160
721,2,77
722,2,102
723,2,91
724,2,30
725,2,124
726,2,155
727,2,191
728,2,14
729,2,57
730,2,97
731,2,144
732,2,182
733,2,98
734,2,94
735,2,193
736,2,5
737,2,126
738,2,59
739,2,156
740,2,76
741,2,32
742,2,85
743,2,169
744,2,34
745,2,127
746,2,58
747,2,74
748,2,38
749,2,229
750,2,157
751,2,166
752,2,100
753,2,167
754,2,22
755,2,24
756,2,165
757,2,110
758,2,146
759,2,194
760,2,7
761,2,105
762,2,236
763,2,225
764,2,224
765,2,233
766,2,51
767,2,168
768,2,214
769,2,134
770,2,113
771,2,23
772,2,240
773,2,177
774,2,1
775,2,137
776,2,92
777,2,49
778,2,131
779,2,179
780,2,64
781,2,161
782,2,17
783,2,207
784,2,4
785,2,152
786,2,125
787,2,222
788,2,189
789,2,173
790,2,84
791,2,143
792,2,132
793,2,109
794,2,61
795,2,174
796,2,123
797,2,42
798,2,46
799,3,28
800,3,27
801,3,8
802,3,15
803,3,19
804,3,6
805,3,13
806,3,2
807,3,12
808,3,26
809,3,10
810,3,9
811,3,21
812,3,20
813,3,3
814,3,32
815,3,17
816,3,24
817,3,14
818,3,16
819,3,18
820,3,33
821,3,11
822,3,34
823,3,31
824,3,25
825,3,23
826,3,5
827,3,4
828,3,30
829,3,7
830,4,2
831,4,1
832,4,8
833,4,4
834,4,6
835,4,3
836,4,9
837,4,5
838,4,7
839,5,10
840,5,5
841,5,8
842,5,3
843,5,9
844,5,7
845,5,2
846,5,1
847,5,6
848,5,4
849,6,5
850,6,6
851,6,8
852,6,4
853,6,1
854,6,2
855,6,9
856,6,7
857,6,3
858,7,9
859,7,24
860,7,2
861,7,14
862,7,13
863,7,6
864,7,12
865,7,25
866,7,29
867,7,1
868,7,33
869,7,28
870,7,26
871,7,31
872,7,32
873,7,23
874,7,27
875,7,34
876,7,30
877,7,20
878,7,5
879,7,7
880,7,16
881,7,11
882,7,15
883,7,17
884,7,8
885,7,21
886,7,3
887,7,22
888,7,10
889,7,18
890,7,19
891,7,4
